AALR3,42771949000135,CENTRO DE IMAGEM DIAGNOSTICOS S.A.,ALLIAR
ABCB10,28195667000106,BCO ABC BRASIL S.A.,ABC BRASIL
ABCB4,28195667000106,BCO ABC BRASIL S.A.,ABC BRASIL
ABEV3,07526557000100,AMBEV S.A.,AMBEV S/A
ADHM3,10345009000198,ADVANCED DIGITAL HEALTH MEDICINA PREVENTIVA S.A.,ADVANCED-DH
AERI3,12528708000107,AERIS IND. E COM. DE EQUIP. GERACAO DE ENERGIA S/A,AERIS
AESB3,37663076000107,AES BRASIL ENERGIA S.A.,AES BRASIL
AFLT3,10338320000100,AFLUENTE TRANSMISSÃO DE ENERGIA ELÉTRICA S/A,AFLUENTE T
AGRO3,07628528000159,BRASILAGRO - CIA BRAS DE PROP AGRICOLAS,BRASILAGRO
AGXY3,21240146000184,AGROGALAXY PARTICIPAÇÕES S.A.,AGROGALAXY
AHEB3,62002886000160,SAO PAULO TURISMO S.A.,SPTURIS
AHEB5,62002886000160,SAO PAULO TURISMO S.A.,SPTURIS
AHEB6,62002886000160,SAO PAULO TURISMO S.A.,SPTURIS
ALEF3B,02217319000107,ALEF S.A.,ALEF S/A
ALLD3,20247322000147,ALLIED TECNOLOGIA S.A.,ALLIED
ALPA3,61079117000105,ALPARGATAS S.A.,ALPARGATAS
ALPA4,61079117000105,ALPARGATAS S.A.,ALPARGATAS
ALPK3,60537263000166,ALLPARK EMPREENDIMENTOS PARTICIPACOES SERVICOS S.A,ESTAPAR
ALSO3,05878397000132,ALIANSCE SONAE SHOPPING CENTERS S.A.,ALIANSCSONAE
ALOS3,2222,ALOS,ALIANSCSONAE
ALUP11,08364948000138,ALUPAR INVESTIMENTO S/A,ALUPAR
ALUP3,08364948000138,ALUPAR INVESTIMENTO S/A,ALUPAR
ALUP4,08364948000138,ALUPAR INVESTIMENTO S/A,ALUPAR
AMAR3,61189288000189,MARISA LOJAS S.A.,LOJAS MARISA
AMBP3,12648266000124,AMBIPAR PARTICIPACOES E EMPREENDIMENTOS S/A,AMBIPAR
ANIM3,09288252000132,ANIMA HOLDING S.A.,ANIMA
APCS-CRI05B0,12130744000100,TRUE SECURITIZADORA S.A.,TRUESEC
APER3,11721921000160,ALPER CONSULTORIA E CORRETORA DE SEGUROS S.A.,ALPER S.A.
APTI3,61156931000178,SIDERURGICA J. L. ALIPERTI S.A.,ALIPERTI
APTI4,61156931000178,SIDERURGICA J. L. ALIPERTI S.A.,ALIPERTI
ARML3,00242184000104,ARMAC LOCAÇÃO. LOGÍSTICA E SERVIÇOS S.A.,ARMAC
ARZZ3,16590234000176,AREZZO INDÚSTRIA E COMÉRCIO S.A.,AREZZO CO
ATMP3,04032433000180,ATMA PARTICIPAÇÕES S.A.,ATMASA
ATOM3,00359742000108,ATOM EMPREENDIMENTOS E PARTICIPAÇÕES S.A.,ATOMPAR
AURA32,07857093000114,AURA MINERALS INC.,AURA 360
AVLL11,16811931000100,ALPHAVILLE S.A.,ALPHAVILLE
AVLL3,16811931000100,ALPHAVILLE S.A.,ALPHAVILLE
AZEV3,61351532000168,AZEVEDO E TRAVASSOS S.A.,AZEVEDO
AZEV4,61351532000168,AZEVEDO E TRAVASSOS S.A.,AZEVEDO
AZUL4,09305994000129,AZUL S.A.,AZUL
B3SA3,09346601000125,B3 S.A. - BRASIL. BOLSA. BALCÃO,B3
BAHI3,45987245000192,BAHEMA EDUCAÇÃO S.A.,BAHEMA
BALM3,61374161000130,BAUMER S.A.,BAUMER
BALM4,61374161000130,BAUMER S.A.,BAUMER
BAUH3,95426862000197,EXCELSIOR ALIMENTOS S.A.,EXCELSIOR
BAUH4,95426862000197,EXCELSIOR ALIMENTOS S.A.,EXCELSIOR
BAZA3,04902979000144,BCO AMAZONIA S.A.,AMAZONIA
BBAS11,00000000000191,BCO BRASIL S.A.,BRASIL
BBAS12,00000000000191,BCO BRASIL S.A.,BRASIL
BBAS3,00000000000191,BCO BRASIL S.A.,BRASIL
BBDC3,60746948000112,BCO BRADESCO S.A.,BRADESCO
BBDC4,60746948000112,BCO BRADESCO S.A.,BRADESCO
BBML3,01107327000120,BBM LOGISTICA S.A.,BBMLOGISTICA
BBRK3,08613550000198,BRASIL BROKERS PARTICIPACOES S.A.,BR BROKERS
BBSE3,17344597000194,BB SEGURIDADE PARTICIPAÇÕES S.A.,BBSEGURIDADE
BDLL3,60851615000153,BARDELLA S.A. INDUSTRIAS MECANICAS,BARDELLA
BDLL4,60851615000153,BARDELLA S.A. INDUSTRIAS MECANICAS,BARDELLA
BEEF11,67620377000114,MINERVA S.A.,MINERVA
BEEF3,67620377000114,MINERVA S.A.,MINERVA
BEES3,28127603000178,BANESTES S.A. - BCO EST ESPIRITO SANTO,BANESTES
BEES4,28127603000178,BANESTES S.A. - BCO EST ESPIRITO SANTO,BANESTES
BETP3B,02762124000130,BETAPART PARTICIPACOES S.A.,BETAPART
BGIP3,13009717000146,BCO ESTADO DE SERGIPE S.A. - BANESE,BANESE
BGIP4,13009717000146,BCO ESTADO DE SERGIPE S.A. - BANESE,BANESE
BIDI11,00416968000101,BANCO INTER S.A.,BANCO INTER
BIDI3,00416968000101,BANCO INTER S.A.,BANCO INTER
BIDI4,00416968000101,BANCO INTER S.A.,BANCO INTER
BIOM11,04752991000110,BIOMM S.A.,BIOMM
BIOM3,04752991000110,BIOMM S.A.,BIOMM
BKBR3,13574594000196,BK BRASIL OPERAÇÃO E ASSESSORIA A RESTAURANTES SA,BK BRASIL
BLAU3,58430828000160,BLAU FARMACÊUTICA S.A.,BLAU
BMEB3,17184037000110,BCO MERCANTIL DO BRASIL S.A.,MERC BRASIL
BMEB4,17184037000110,BCO MERCANTIL DO BRASIL S.A.,MERC BRASIL
BMGB4,61186680000174,BANCO BMG S.A.,BANCO BMG
BMIN3,34169557000172,BCO MERCANTIL DE INVESTIMENTOS S.A.,MERC INVEST
BMIN4,34169557000172,BCO MERCANTIL DE INVESTIMENTOS S.A.,MERC INVEST
BMKS3,56992423000190,BICICLETAS MONARK S.A.,BIC MONARK
BMOB3,09042817000105,BEMOBI MOBILE TECH S.A.,BEMOBI TECH
BNBR3,07237373000120,BCO NORDESTE DO BRASIL S.A.,NORD BRASIL
BOAS3,11725176000127,BOA VISTA SERVIÇOS S.A.,BOA VISTA
BOBR3,50564053000103,BOMBRIL S.A.,BOMBRIL
BOBR4,50564053000103,BOMBRIL S.A.,BOMBRIL
BPAC11,30306294000145,BCO BTG PACTUAL S.A.,BTGP BANCO
BPAC3,30306294000145,BCO BTG PACTUAL S.A.,BTGP BANCO
BPAC5,30306294000145,BCO BTG PACTUAL S.A.,BTGP BANCO
BPAN4,59285411000113,BCO PAN S.A.,BANCO PAN
BPAR3,04913711000108,BCO ESTADO DO PARA S.A.,BANPARA
BRAP3,03847461000192,BRADESPAR S.A.,BRADESPAR
BRAP4,03847461000192,BRADESPAR S.A.,BRADESPAR
BRBI11,10739356000103,BR ADVISORY PARTNERS PARTICIPAÇÕES S.A.,BR PARTNERS
BRCS-CRI1AB0,08653753000108,BRC SECURITIZADORA S.A.,BRC SECURIT
VBBR3,34274233000102,PETROBRAS DISTRIBUIDORA S/A,PETROBRAS BR
VBBR3,34274233000102,VIBRA,VIBRA
BRFS3,01838723000127,BRF S.A.,BRF SA
BRGE11,17193806000146,CONSORCIO ALFA DE ADMINISTRACAO S.A.,ALFA CONSORC
BRGE12,17193806000146,CONSORCIO ALFA DE ADMINISTRACAO S.A.,ALFA CONSORC
BRGE3,17193806000146,CONSORCIO ALFA DE ADMINISTRACAO S.A.,ALFA CONSORC
BRGE5,17193806000146,CONSORCIO ALFA DE ADMINISTRACAO S.A.,ALFA CONSORC
BRGE6,17193806000146,CONSORCIO ALFA DE ADMINISTRACAO S.A.,ALFA CONSORC
BRGE7,17193806000146,CONSORCIO ALFA DE ADMINISTRACAO S.A.,ALFA CONSORC
BRGE8,17193806000146,CONSORCIO ALFA DE ADMINISTRACAO S.A.,ALFA CONSORC
BRIT3,19796586000170,BRISANET PARTICIPAÇÕES S.A.,BRISANET
BRIV3,60770336000165,BCO ALFA DE INVESTIMENTO S.A.,ALFA INVEST
BRIV4,60770336000165,BCO ALFA DE INVESTIMENTO S.A.,ALFA INVEST
BRKM3,42150391000170,BRASKEM S.A.,BRASKEM
BRKM5,42150391000170,BRASKEM S.A.,BRASKEM
BRKM6,42150391000170,BRASKEM S.A.,BRASKEM
BRML3,06977745000191,BR MALLS PARTICIPACOES S.A.,BR MALLS PAR
BRPR3,06977751000149,BR PROPERTIES S.A.,BR PROPERT
BRQB3,36542025000164,BRQ SOLUCOES EM INFORMATICA S.A.,BRQ
BRSR3,92702067000196,BCO ESTADO DO RIO GRANDE DO SUL S.A.,BANRISUL
BRSR5,92702067000196,BCO ESTADO DO RIO GRANDE DO SUL S.A.,BANRISUL
BRSR6,92702067000196,BCO ESTADO DO RIO GRANDE DO SUL S.A.,BANRISUL
BSCS-CRIT2B0,03767538000114,BRAZILIAN SECURITIES CIA SECURITIZACAO,BRAZILIAN SC
BSCS-CRIT3B0,03767538000114,BRAZILIAN SECURITIES CIA SECURITIZACAO,BRAZILIAN SC
BSEV3,15527906000136,BIOSEV S.A.,BIOSEV
BSLI3,00000208000100,BRB BCO DE BRASILIA S.A.,BRB BANCO
BSLI4,00000208000100,BRB BCO DE BRASILIA S.A.,BRB BANCO
BTOW3,00776574000156,B2W - COMPANHIA DIGITAL,B2W DIGITAL
BTTL3,42331462000131,BATTISTELLA ADM PARTICIPACOES S.A.,BATTISTELLA
CABI3B,04030182000102,CABINDA PARTICIPACOES S.A.,CABINDA PART
CACO3B,04031213000131,CACONDE PARTICIPACOES S.A.,CACONDE PART
CALI3,61022042000118,CONSTRUTORA ADOLPHO LINDENBERG S.A.,CONST A LIND
CALI4,61022042000118,CONSTRUTORA ADOLPHO LINDENBERG S.A.,CONST A LIND
CAMB3,61088894000108,CAMBUCI S.A.,CAMBUCI
CAML3,64904295000103,CAMIL ALIMENTOS S.A.,CAMIL
CARD3,01896779000138,CSU CARDSYSTEM S.A.,CSU CARDSYST
CASH3,14110585000107,MÉLIUZ S.A.,MELIUZ
CASN3,82508433000117,CIA CATARINENSE DE AGUAS E SANEAM.-CASAN,CASAN
CASN4,82508433000117,CIA CATARINENSE DE AGUAS E SANEAM.-CASAN,CASAN
CATA3,19526748000150,CIA INDUSTRIAL CATAGUASES,IND CATAGUAS
CATA4,19526748000150,CIA INDUSTRIAL CATAGUASES,IND CATAGUAS
CBAV3,61409892000173,Companhia Brasileira de Alumínio,CBA
CBEE3,33050071000158,AMPLA ENERGIA E SERVICOS S.A.,AMPLA ENERG
CBSC-CRA12B0,02105040000123,CIBRASEC - COMPANHIA BRASILEIRA DE SECURITIZACAO,CIBRASEC
CBSC-CRA19B0,02105040000123,CIBRASEC - COMPANHIA BRASILEIRA DE SECURITIZACAO,CIBRASEC
CBSC-CRA1BB0,02105040000123,CIBRASEC - COMPANHIA BRASILEIRA DE SECURITIZACAO,CIBRASEC
CCPR3,08801621000186,CYRELA COMMERCIAL PROPERT S.A. EMPR PART,CYRE COM-CCP
CCRO3,02846056000197,CCR S.A.,CCR SA
CEAB3,45242914000105,CEA MODAS S.A.,CEA MODAS
CEBR3,00070698000111,CIA ENERGETICA DE BRASILIA,CEB
CEBR5,00070698000111,CIA ENERGETICA DE BRASILIA,CEB
CEBR6,00070698000111,CIA ENERGETICA DE BRASILIA,CEB
CEDO3,17245234000100,CIA FIACAO TECIDOS CEDRO CACHOEIRA,CEDRO
CEDO4,17245234000100,CIA FIACAO TECIDOS CEDRO CACHOEIRA,CEDRO
CEEB3,15139629000194,CIA ELETRICIDADE EST. DA BAHIA - COELBA,COELBA
CEEB5,15139629000194,CIA ELETRICIDADE EST. DA BAHIA - COELBA,COELBA
CEEB6,15139629000194,CIA ELETRICIDADE EST. DA BAHIA - COELBA,COELBA
CEED3,08467115000100,CIA ESTADUAL DE DISTRIB ENER ELET-CEEE-D,CEEE-D
CEED4,08467115000100,CIA ESTADUAL DE DISTRIB ENER ELET-CEEE-D,CEEE-D
CEGR3,33938119000169,CIA DISTRIB DE GAS DO RIO DE JANEIRO-CEG,CEG
CEPE3,10835932000108,CIA ENERGETICA DE PERNAMBUCO - CELPE,CELPE
CEPE5,10835932000108,CIA ENERGETICA DE PERNAMBUCO - CELPE,CELPE
CEPE6,10835932000108,CIA ENERGETICA DE PERNAMBUCO - CELPE,CELPE
CESP3,60933603000178,CESP - CIA ENERGETICA DE SAO PAULO,CESP
CESP5,60933603000178,CESP - CIA ENERGETICA DE SAO PAULO,CESP
CESP6,60933603000178,CESP - CIA ENERGETICA DE SAO PAULO,CESP
CGAS3,61856571000117,CIA GAS DE SAO PAULO - COMGAS,COMGAS
CGAS5,61856571000117,CIA GAS DE SAO PAULO - COMGAS,COMGAS
CGRA3,92012467000170,GRAZZIOTIN S.A.,GRAZZIOTIN
CGRA4,92012467000170,GRAZZIOTIN S.A.,GRAZZIOTIN
CIEL3,01027058000191,CIELO S.A.,CIELO
CLSA3,03802115000198,CLEAR SALE S.A.,CLEARSALE
CLSC3,83878892000155,CENTRAIS ELET DE SANTA CATARINA S.A.,CELESC
CLSC4,83878892000155,CENTRAIS ELET DE SANTA CATARINA S.A.,CELESC
CMIG3,17155730000164,CIA ENERGETICA DE MINAS GERAIS - CEMIG,CEMIG
CMIG4,17155730000164,CIA ENERGETICA DE MINAS GERAIS - CEMIG,CEMIG
CMIN3,08902291000115,CSN MINERAÇÃO S.A.,CSNMINERACAO
CMSA3,00272185000193,CIMS S.A.,CIMS
CMSA4,00272185000193,CIMS S.A.,CIMS
CNSY3,07437016000105,CINESYSTEM S.A.,CINESYSTEM
CNTO3,13217485000111,GRUPO SBF SA,CENTAURO
COCE3,07047251000170,CIA ENERGETICA DO CEARA - COELCE,COELCE
COCE5,07047251000170,CIA ENERGETICA DO CEARA - COELCE,COELCE
COCE6,07047251000170,CIA ENERGETICA DO CEARA - COELCE,COELCE
COGN3,02800026000140,COGNA EDUCAÇÃO S.A.,COGNA ON
CORR3,15101405000193,CORREA RIBEIRO S.A. COMERCIO E INDUSTRIA,COR RIBEIRO
CORR4,15101405000193,CORREA RIBEIRO S.A. COMERCIO E INDUSTRIA,COR RIBEIRO
CPFE3,02429144000193,CPFL ENERGIA S.A.,CPFL ENERGIA
CPLE3,76483817000120,CIA PARANAENSE DE ENERGIA - COPEL,COPEL
CPLE5,76483817000120,CIA PARANAENSE DE ENERGIA - COPEL,COPEL
CPLE6,76483817000120,CIA PARANAENSE DE ENERGIA - COPEL,COPEL
CPRE3,08439659000150,CPFL ENERGIAS RENOVÁVEIS S.A.,CPFL RENOVAV
CPTP3B,02591787000139,CAPITALPART PARTICIPACOES S.A.,CAPITALPART
CRDE3,07820907000146,CR2 EMPREENDIMENTOS IMOBILIARIOS S.A.,CR2
CRFB3,75315333000109,ATACADÃO S.A.,CARREFOUR BR
CRIV3,17167412000113,FINANCEIRA ALFA S.A.- CRED FINANC E INVS,ALFA FINANC
CRIV4,17167412000113,FINANCEIRA ALFA S.A.- CRED FINANC E INVS,ALFA FINANC
CRPG3,15115504000124,TRONOX PIGMENTOS DO BRASIL S.A.,CRISTAL
CRPG5,15115504000124,TRONOX PIGMENTOS DO BRASIL S.A.,CRISTAL
CRPG6,15115504000124,TRONOX PIGMENTOS DO BRASIL S.A.,CRISTAL
CRTE3B,00938574000105,CONC RIO-TERESOPOLIS S.A.,CONC RIO TER
CRTE5B,00938574000105,CONC RIO-TERESOPOLIS S.A.,CONC RIO TER
CSAB3,15144017000190,CIA SEGUROS ALIANCA DA BAHIA,SEG AL BAHIA
CSAB4,15144017000190,CIA SEGUROS ALIANCA DA BAHIA,SEG AL BAHIA
CSAN3,50746577000115,COSAN S.A.,COSAN
CSED3,62984091000102,CRUZEIRO DO SUL EDUCACIONAL S.A.,CRUZEIRO EDU
CSMG3,17281106000103,CIA SANEAMENTO DE MINAS GERAIS-COPASA MG,COPASA
CSNA3,33042730000104,CIA SIDERURGICA NACIONAL,SID NACIONAL
CSRN3,08324196000181,CIA ENERGETICA DO RIO GDE NORTE - COSERN,COSERN
CSRN5,08324196000181,CIA ENERGETICA DO RIO GDE NORTE - COSERN,COSERN
CSRN6,08324196000181,CIA ENERGETICA DO RIO GDE NORTE - COSERN,COSERN
CTCA3,06981381000113,CTC - CENTRO DE TECNOLOGIA CANAVIEIRA S.A.,CTC S.A.
CTKA3,82640558000104,KARSTEN S.A.,KARSTEN
CTKA4,82640558000104,KARSTEN S.A.,KARSTEN
CTNM3,22677520000176,CIA TECIDOS NORTE DE MINAS COTEMINAS,COTEMINAS
CTNM4,22677520000176,CIA TECIDOS NORTE DE MINAS COTEMINAS,COTEMINAS
CTSA3,21255567000189,CIA TECIDOS SANTANENSE,SANTANENSE
CTSA4,21255567000189,CIA TECIDOS SANTANENSE,SANTANENSE
CTSA8,21255567000189,CIA TECIDOS SANTANENSE,SANTANENSE
CURY3,08797760000183,CURY CONSTRUTORA E INCORPORADORA S.A.,CURY S/A
CVCB11,10760260000119,CVC BRASIL OPERADORA E AGÊNCIA DE VIAGENS S.A.,CVC BRASIL
CVCB3,10760260000119,CVC BRASIL OPERADORA E AGÊNCIA DE VIAGENS S.A.,CVC BRASIL
CXSE3,22543331000100,CAIXA SEGURIDADE PARTICIPAÇÕES S.A.,CAIXA SEGURI
CYRE3,73178600000118,CYRELA BRAZIL REALTY S.A.EMPREEND E PART,CYRELA REALT
DASA3,61486650000183,DIAGNOSTICOS DA AMERICA S.A.,DASA
DESK3,08170849000115,DESKTOP - SIGMANET COMUNICAÇÃO MULTIMÍDIA S.A.,DESKTOP
DIRR3,16614075000100,DIRECIONAL ENGENHARIA S.A.,DIRECIONAL
DMMO11,08926302000105,DOMMO ENERGIA S.A.,DOMMO
DMMO3,08926302000105,DOMMO ENERGIA S.A.,DOMMO
DMVF3,12108897000150,D1000 VAREJO FARMA PARTICIPAÇÕES S.A.,D1000VFARMA
DOHL3,84683408000103,DOHLER S.A.,DOHLER
DOHL4,84683408000103,DOHLER S.A.,DOHLER
DOTZ3,10221279000197,Dotz S.A.,DOTZ SA
DTCY1,03303999000136,DTCOM - DIRECT TO COMPANY S.A.,DTCOM-DIRECT
DTCY3,03303999000136,DTCOM - DIRECT TO COMPANY S.A.,DTCOM-DIRECT
DTCY4,03303999000136,DTCOM - DIRECT TO COMPANY S.A.,DTCOM-DIRECT
DTEX3,97837181000147,DURATEX S.A.,DURATEX
EALT3,82643537000134,ELECTRO ACO ALTONA S.A.,ACO ALTONA
EALT4,82643537000134,ELECTRO ACO ALTONA S.A.,ACO ALTONA
ECOA-CRA05B0,10753164000143,ECO SECURITIZADORA DIREITOS CRED AGRONEGÓCIO S.A.,ECO SEC AGRO
ECOA-CRA80B0,10753164000143,ECO SECURITIZADORA DIREITOS CRED AGRONEGÓCIO S.A.,ECO SEC AGRO
ECOA-CRA92B0,10753164000143,ECO SECURITIZADORA DIREITOS CRED AGRONEGÓCIO S.A.,ECO SEC AGRO
ECOA-CRA93B0,10753164000143,ECO SECURITIZADORA DIREITOS CRED AGRONEGÓCIO S.A.,ECO SEC AGRO
ECOA-CRA94B0,10753164000143,ECO SECURITIZADORA DIREITOS CRED AGRONEGÓCIO S.A.,ECO SEC AGRO
ECOA-CRAA4B0,10753164000143,ECO SECURITIZADORA DIREITOS CRED AGRONEGÓCIO S.A.,ECO SEC AGRO
ECOA-CRAA6B0,10753164000143,ECO SECURITIZADORA DIREITOS CRED AGRONEGÓCIO S.A.,ECO SEC AGRO
ECOA-CRAA7B0,10753164000143,ECO SECURITIZADORA DIREITOS CRED AGRONEGÓCIO S.A.,ECO SEC AGRO
ECOR3,04149454000180,ECORODOVIAS INFRAESTRUTURA E LOGÍSTICA S.A.,ECORODOVIAS
ECPR3,01971614000183,EMPRESA NAC COM REDITO PART S.A.ENCORPAR,ENCORPAR
ECPR4,01971614000183,EMPRESA NAC COM REDITO PART S.A.ENCORPAR,ENCORPAR
EEEL3,92715812000131,CIA ESTADUAL GER.TRANS.ENER.ELET-CEEE-GT,CEEE-GT
EEEL4,92715812000131,CIA ESTADUAL GER.TRANS.ENER.ELET-CEEE-GT,CEEE-GT
EGIE3,02474103000119,ENGIE BRASIL ENERGIA S.A.,ENGIE BRASIL
EKTR3,02328280000197,ELEKTRO REDES S.A.,ELEKTRO
EKTR4,02328280000197,ELEKTRO REDES S.A.,ELEKTRO
ELEK3,13788120000147,ELEKEIROZ S.A.,ELEKEIROZ
ELEK4,13788120000147,ELEKEIROZ S.A.,ELEKEIROZ
ELET3,00001180000126,CENTRAIS ELET BRAS S.A. - ELETROBRAS,ELETROBRAS
ELET5,00001180000126,CENTRAIS ELET BRAS S.A. - ELETROBRAS,ELETROBRAS
ELET6,00001180000126,CENTRAIS ELET BRAS S.A. - ELETROBRAS,ELETROBRAS
ELMD3,09347516000181,ELETROMIDIA S.A.,ELETROMIDIA
EMAE3,02302101000142,EMAE - EMPRESA METROP.AGUAS ENERGIA S.A.,EMAE
EMAE4,02302101000142,EMAE - EMPRESA METROP.AGUAS ENERGIA S.A.,EMAE
EMBR3,07689002000189,EMBRAER S.A.,EMBRAER
ENAT3,11669021000110,ENAUTA PARTICIPAÇÕES S.A.,ENAUTA PART
ENBR3,03983431000103,EDP - ENERGIAS DO BRASIL S.A.,ENERGIAS BR
ENEV3,04423567000121,ENEVA S.A,ENEVA
ENGI11,00864214000106,ENERGISA S.A.,ENERGISA
ENGI12,00864214000106,ENERGISA S.A.,ENERGISA
ENGI3,00864214000106,ENERGISA S.A.,ENERGISA
ENGI4,00864214000106,ENERGISA S.A.,ENERGISA
ENJU3,16922038000151,ENJOEI.COM.BR ATIVIDADES DE INTERNET S.A.,ENJOEI
ENMT3,03467321000199,ENERGISA MATO GROSSO-DISTRIBUIDORA DE ENERGIA S/A,ENERGISA MT
ENMT4,03467321000199,ENERGISA MATO GROSSO-DISTRIBUIDORA DE ENERGIA S/A,ENERGISA MT
EQMA3B,06272793000184,EQUATORIAL MARANHÃO DISTRIBUIDORA DE ENERGIA S.A.,EQTLMARANHAO
EQMA5B,06272793000184,EQUATORIAL MARANHÃO DISTRIBUIDORA DE ENERGIA S.A.,EQTLMARANHAO
EQMA6B,06272793000184,EQUATORIAL MARANHÃO DISTRIBUIDORA DE ENERGIA S.A.,EQTLMARANHAO
EQPA3,04895728000180,EQUATORIAL PARA DISTRIBUIDORA DE ENERGIA S.A.,EQTL PARA
EQPA5,04895728000180,EQUATORIAL PARA DISTRIBUIDORA DE ENERGIA S.A.,EQTL PARA
EQPA6,04895728000180,EQUATORIAL PARA DISTRIBUIDORA DE ENERGIA S.A.,EQTL PARA
EQPA7,04895728000180,EQUATORIAL PARA DISTRIBUIDORA DE ENERGIA S.A.,EQTL PARA
EQTL3,03220438000173,EQUATORIAL ENERGIA S.A.,EQUATORIAL
ESPA3,26659061000159,MPM CORPÓREOS S.A.,ESPACOLASER
ESTR3,61082004000150,MANUFATURA DE BRINQUEDOS ESTRELA S.A.,ESTRELA
ESTR4,61082004000150,MANUFATURA DE BRINQUEDOS ESTRELA S.A.,ESTRELA
ETER3,61092037000181,ETERNIT S.A.,ETERNIT
EUCA3,56643018000166,EUCATEX S.A. INDUSTRIA E COMERCIO,EUCATEX
EUCA4,56643018000166,EUCATEX S.A. INDUSTRIA E COMERCIO,EUCATEX
EVEN3,43470988000165,EVEN CONSTRUTORA E INCORPORADORA S.A.,EVEN
EZTC3,08312229000173,EZ TEC EMPREEND. E PARTICIPACOES S.A.,EZTEC
FESA3,15141799000103,CIA FERRO LIGAS DA BAHIA - FERBASA,FERBASA
FESA4,15141799000103,CIA FERRO LIGAS DA BAHIA - FERBASA,FERBASA
FHER3,22266175000188,FERTILIZANTES HERINGER S.A.,FER HERINGER
FIGE3,01548981000179,INVESTIMENTOS BEMGE S.A.,INVEST BEMGE
FIGE4,01548981000179,INVESTIMENTOS BEMGE S.A.,INVEST BEMGE
FIQE3,02255187000108,UNIFIQUE TELECOMUNICAÇÕES S.A.,UNIFIQUE
FLEX3,10851805000100,FLEX GESTÃO DE RELACIONAMENTOS S.A.,FLEX S/A
FLRY3,60840055000131,FLEURY S.A.,FLEURY
FNCN3,91669747000192,FINANSINOS S.A.- CREDITO FINANC E INVEST,FINANSINOS
FRAS3,88610126000129,FRAS-LE S.A.,FRAS-LE
FRIO3,04821041000108,METALFRIO SOLUTIONS S.A.,METALFRIO
FRRN3B,24962466000136,RUMO MALHA NORTE S.A.,ALL NORTE
FRRN5B,24962466000136,RUMO MALHA NORTE S.A.,ALL NORTE
FRRN6B,24962466000136,RUMO MALHA NORTE S.A.,ALL NORTE
FRTA3,86550951000150,POMIFRUTAS S/A,POMIFRUTAS
G2DI33,38307135000177,G2D Investments Ltd,G2D INVEST
GAFL-CRA02B0,14876090000193,GAIA AGRO SECURITIZADORA S.A.,GAIA AGRO
GBIO33,19688956000156,BIOTOSCANA INVESTMENTS S.A.,BIOTOSCANA
GEPA3,02998301000181,RIO PARANAPANEMA ENERGIA S.A.,GER PARANAP
GEPA4,02998301000181,RIO PARANAPANEMA ENERGIA S.A.,GER PARANAP
GFSA3,01545826000107,GAFISA S.A.,GAFISA
GGBR3,33611500000119,GERDAU S.A.,GERDAU
GGBR4,33611500000119,GERDAU S.A.,GERDAU
GGPS3,09229201000130,GPS PARTICIPACOES E EMPREENDIMENTOS S.A.,GPS
GMAT3,24990777000109,GRUPO MATEUS S.A.,GRUPO MATEUS
GNDI3,19853511000184,NOTRE DAME INTERMEDICA PARTICIPACOES SA,INTERMEDICA
GOAU3,92690783000109,METALURGICA GERDAU S.A.,GERDAU MET
GOAU4,92690783000109,METALURGICA GERDAU S.A.,GERDAU MET
GOLL11,06164253000187,GOL LINHAS AEREAS INTELIGENTES S.A.,GOL
GOLL12,06164253000187,GOL LINHAS AEREAS INTELIGENTES S.A.,GOL
GOLL4,06164253000187,GOL LINHAS AEREAS INTELIGENTES S.A.,GOL
GPAR3,08560444000193,CIA CELG DE PARTICIPACOES - CELGPAR,CELGPAR
GPCP3,02193750000152,GPC PARTICIPACOES S.A.,GPC PART
GPCP4,02193750000152,GPC PARTICIPACOES S.A.,GPC PART
GPIV33,07857850000150,GP INVESTMENTS. LTD.,GP INVEST
GRAO3,18483666000103,HUMBERG AGRIBRASIL COM. E EXPORT. DE GRÃOS S.A.,AGRIBRASIL
GRND3,89850341000160,GRENDENE S.A.,GRENDENE
GSHP3,08764621000153,GENERAL SHOPPING E OUTLETS DO BRASIL S.A.,GENERALSHOPP
GUAR3,08402943000152,GUARARAPES CONFECCOES S.A.,GUARARAPES
HAGA3,30540991000166,HAGA S.A. INDUSTRIA E COMERCIO,HAGA S/A
HAGA4,30540991000166,HAGA S.A. INDUSTRIA E COMERCIO,HAGA S/A
HAPV3,05197443000138,HAPVIDA PARTICIPACOES E INVESTIMENTOS SA,HAPVIDA
HBOR3,49263189000102,HELBOR EMPREENDIMENTOS S.A.,HELBOR
HBRE3,14785152000151,HBR REALTY EMPREENDIMENTOS IMOBILIARIOS S/A,HBR REALTY
HBSA3,12648327000153,HIDROVIAS DO BRASIL S.A.,HIDROVIAS
HBTS3,87762563000103,CIA HABITASUL DE PARTICIPACOES,HABITASUL
HBTS5,87762563000103,CIA HABITASUL DE PARTICIPACOES,HABITASUL
HBTS6,87762563000103,CIA HABITASUL DE PARTICIPACOES,HABITASUL
HETA3,92749225000163,HERCULES S.A. FABRICA DE TALHERES,HERCULES
HETA4,92749225000163,HERCULES S.A. FABRICA DE TALHERES,HERCULES
HGTX3,78876950000171,CIA HERING,CIA HERING
HOOT3,33200049000147,HOTEIS OTHON S.A.,HOTEIS OTHON
HOOT4,33200049000147,HOTEIS OTHON S.A.,HOTEIS OTHON
HYPE3,02932074000191,HYPERA S.A.,HYPERA
IDNT3,02365069000144,IDEIASNET S.A.,IDEIASNET
IDVL3,61024352000171,BCO INDUSVAL S.A.,INDUSVAL
IDVL4,61024352000171,BCO INDUSVAL S.A.,INDUSVAL
IFCM3,38456921000136,INFRACOMMERCE CXAAS S.A.,INFRACOMM
IGBR3,43185362000107,IGB ELETRÔNICA S/A,IGB S/A
IGSN3,08159965000133,IGUA SANEAMENTO S.A.,IGUA SA
IGTA3,51218147000193,IGUATEMI EMPRESA DE SHOPPING CENTERS S.A,IGUATEMI
INEP3,76627504000106,INEPAR S.A. INDUSTRIA E CONSTRUCOES,INEPAR
INEP4,76627504000106,INEPAR S.A. INDUSTRIA E CONSTRUCOES,INEPAR
INNT3,09611768000176,INTER CONSTRUTORA E INCORPORADORA S.A.,INTER SA
INTB3,82901000000127,INTELBRAS S.A. IND DE TELEC ELETRONICA BRASILEIRA,INTELBRAS
IRBR3,33376989000191,IRB - BRASIL RESSEGUROS S.A.,IRBBRASIL RE
ITSA3,61532644000115,ITAUSA INVESTIMENTOS ITAU S.A.,ITAUSA
ITSA3,61532644000115,ITAUSA S.A.,ITAUSA
ITSA4,61532644000115,ITAUSA INVESTIMENTOS ITAU S.A.,ITAUSA
ITSA4,61532644000115,ITAUSA S.A.,ITAUSA
ITUB3,60872504000123,ITAU UNIBANCO HOLDING S.A.,ITAUUNIBANCO
ITUB4,60872504000123,ITAU UNIBANCO HOLDING S.A.,ITAUUNIBANCO
IVPR3B,03758318000124,INVESTIMENTOS E PARTICIP. EM INFRA S.A. - INVEPAR,INVEPAR
IVPR4B,03758318000124,INVESTIMENTOS E PARTICIP. EM INFRA S.A. - INVEPAR,INVEPAR
JALL3,02635522000195,JALLES MACHADO S.A.,JALLESMACHAD
JBDU3,60637238000154,INDUSTRIAS J B DUARTE S.A.,J B DUARTE
JBDU4,60637238000154,INDUSTRIAS J B DUARTE S.A.,J B DUARTE
JBSS3,02916265000160,JBS S.A.,JBS
JFEN3,33035536000100,JOAO FORTES ENGENHARIA S.A.,JOAO FORTES
JHSF3,08294224000165,JHSF PARTICIPACOES S.A.,JHSF PART
JOPA3,87456562000122,JOSAPAR-JOAQUIM OLIVEIRA S.A. - PARTICIP,JOSAPAR
JOPA4,87456562000122,JOSAPAR-JOAQUIM OLIVEIRA S.A. - PARTICIP,JOSAPAR
JPSA3,60543816000193,JEREISSATI PARTICIPACOES S.A.,JEREISSATI
JSLG11,52548435000179,JSL S.A.,JSL
JSLG3,52548435000179,JSL S.A.,JSL
KEPL11,91983056000169,KEPLER WEBER S.A.,KEPLER WEBER
KEPL3,91983056000169,KEPLER WEBER S.A.,KEPLER WEBER
KLAS3,09146451000106,KALLAS INCORPORACOES E CONSTRUCOES S.A.,KALLAS
KLBN11,89637490000145,KLABIN S.A.,KLABIN S/A
KLBN3,89637490000145,KLABIN S.A.,KLABIN S/A
KLBN4,89637490000145,KLABIN S.A.,KLABIN S/A
KRSA3,13270520000166,KORA SAÚDE PARTICIPAÇÕES S.A,KORA SAUDE
LAME3,33014556000196,LOJAS AMERICANAS S.A.,LOJAS AMERIC
LAME4,33014556000196,LOJAS AMERICANAS S.A.,LOJAS AMERIC
LAND3,40337136000106,Terra Santa Propriedades Agricolas S.A.,TERRASANTAPA
LAVV3,26462693000128,LAVVI EMPREENDIMENTOS IMOBILIÁRIOS S.A.,LAVVI
LCAM3,10215988000160,CIA LOCAÇÃO DAS AMÉRICAS,LOCAMERICA
LEVE3,60476884000187,MAHLE-METAL LEVE S.A.,METAL LEVE
LIGT3,03378521000175,LIGHT S.A.,LIGHT S/A
LINX3,06948969000175,LINX S.A.,LINX
LIPR3,01104937000170,ELETROBRÁS PARTICIPAÇÕES S.A. - ELETROPAR,ELETROPAR
LJQQ3,96418264021802,LOJAS QUERO-QUERO S/A,QUERO-QUERO
LLIS3,49669856000143,RESTOQUE COMÉRCIO E CONFECÇÕES DE ROUPAS S.A.,LE LIS BLANC
LMED3,02357251000153,LIFEMED INDUSTRIAL EQUIP. DE ART. MÉD. HOSP. S.A.,LIFEMED
LOGG3,09041168000110,LOG COMMERCIAL PROPERTIES,LOG COM PROP
LOGN3,42278291000124,LOG-IN LOGISTICA INTERMODAL S.A.,LOG-IN
LPSB3,08078847000109,LPS BRASIL - CONSULTORIA DE IMOVEIS S.A.,LOPES BRASIL
LREN3,92754738000162,LOJAS RENNER S.A.,LOJAS RENNER
LTEL3B,00743065000127,LITEL PARTICIPACOES S.A.,LITEL
LTLA3B,05495546000184,LITELA PARTICIPAÇÕES S.A.,LITELA
LUPA11,89463822000112,LUPATECH S.A.,LUPATECH
LUPA3,89463822000112,LUPATECH S.A.,LUPATECH
LUXM3,92660570000126,TREVISA INVESTIMENTOS S.A.,TREVISA
LUXM4,92660570000126,TREVISA INVESTIMENTOS S.A.,TREVISA
LVTC3,05917486000140,LIVETECH DA BAHIA INDUSTRIA E COMERCIO S/A,WDC NETWORKS
LWSA3,02351877000152,LOCAWEB SERVIÇOS DE INTERNET S.A.,LOCAWEB
MAPT3,93828986000173,CEMEPE INVESTIMENTOS S.A.,CEMEPE
MAPT4,93828986000173,CEMEPE INVESTIMENTOS S.A.,CEMEPE
MATD3,16676520000159,HOSPITAL MATER DEI S/A,MATER DEI
MBLY3,31553627000101,Mobly S.A.,MOBLY
MDIA3,07206816000115,M.DIAS BRANCO S.A. IND COM DE ALIMENTOS,M.DIASBRANCO
MDNE3,12049631000184,MOURA DUBEUX ENGENHARIA S/A,MOURA DUBEUX
MEAL3,17314329000120,INTERNATIONAL MEAL COMPANY ALIMENTACAO S.A.,IMC S/A
MELK3,12181987000177,MELNICK EVEN DESENVOLVIMENTO IMOBILIÁRIO S.A.,MELNICK
MERC3,33040601000187,MERCANTIL BRASIL FINANC S.A. C.F.I.,MERC FINANC
MERC4,33040601000187,MERCANTIL BRASIL FINANC S.A. C.F.I.,MERC FINANC
MGEL3,61065298000102,MANGELS INDUSTRIAL S.A.,MANGELS INDL
MGEL4,61065298000102,MANGELS INDUSTRIAL S.A.,MANGELS INDL
MGLU3,47960950000121,MAGAZINE LUIZA S.A.,MAGAZ LUIZA
MILS3,27093558000115,MILLS ESTRUTURAS E SERVIÇOS DE ENGENHARIA S.A.,MILLS
MLAS3,59717553000102,MULTILASER INDUSTRIAL S.A.,MULTILASER
MMAQ3,17161241000115,MINASMAQUINAS S.A.,MINASMAQUINA
MMAQ4,17161241000115,MINASMAQUINAS S.A.,MINASMAQUINA
MMXM11,02762115000149,MMX MINERACAO E METALICOS S.A.,MMX MINER
MMXM3,02762115000149,MMX MINERACAO E METALICOS S.A.,MMX MINER
MNDL3,88610191000154,MUNDIAL S.A. - PRODUTOS DE CONSUMO,MUNDIAL
MNPR3,90076886000140,MINUPAR PARTICIPACOES S.A.,MINUPAR
MNZC3B,02664042000152,TERMINAL GARAGEM MENEZES CORTES S.A.,MENEZES CORT
MOAR3,33102476000192,MONTEIRO ARANHA S.A.,MONT ARANHA
MODL11,30723886000162,BANCO MODAL S.A,MODALMAIS
MODL3,30723886000162,BANCO MODAL S.A,MODALMAIS
MODL4,30723886000162,BANCO MODAL S.A,MODALMAIS
MOSI3,09083175000184,Mosaico Tecnologia ao Consumidor S.A.,MOSAICO
MOVI3,21314559000166,MOVIDA PARTICIPACOES SA,MOVIDA
MRFG3,03853896000140,MARFRIG GLOBAL FOODS S.A.,MARFRIG
MRSA3B,01417222000177,MRS LOGISTICA S.A.,MRS LOGIST
MRSA5B,01417222000177,MRS LOGISTICA S.A.,MRS LOGIST
MRSA6B,01417222000177,MRS LOGISTICA S.A.,MRS LOGIST
MRVE3,08343492000120,MRV ENGENHARIA E PARTICIPACOES S.A.,MRV
MSPA3,60730348000166,CIA MELHORAMENTOS DE SAO PAULO,MELHOR SP
MSPA4,60730348000166,CIA MELHORAMENTOS DE SAO PAULO,MELHOR SP
MSRO3,08795211000170,MAESTRO LOCADORA DE VEICULOS S.A.,MAESTROLOC
MTIG3,80227184000166,METALGRAFICA IGUACU S.A.,METAL IGUACU
MTIG4,80227184000166,METALGRAFICA IGUACU S.A.,METAL IGUACU
MTRE3,07882930000165,MITRE REALTY EMPREENDIMENTOS E PARTICIPAÇÕES S.A.,MITRE REALTY
MTSA3,86375425000109,METISA METALURGICA TIMBOENSE S.A.,METISA
MTSA4,86375425000109,METISA METALURGICA TIMBOENSE S.A.,METISA
MULT3,07816890000153,MULTIPLAN - EMPREEND IMOBILIARIOS S.A.,MULTIPLAN
MWET3,84683671000194,WETZEL S.A.,WETZEL S/A
MWET4,84683671000194,WETZEL S.A.,WETZEL S/A
MYPK3,61156113000175,IOCHPE MAXION S.A.,IOCHP-MAXION
NEMO3,60651809000105,SUZANO HOLDING S.A.,SUZANO HOLD
NEMO5,60651809000105,SUZANO HOLDING S.A.,SUZANO HOLD
NEMO6,60651809000105,SUZANO HOLDING S.A.,SUZANO HOLD
NEOE3,01083200000118,NEOENERGIA S.A.,NEOENERGIA
NGRD3,10139870000108,NEOGRID PARTICIPACOES S.A.,NEOGRID
NINJ3,14127813000151,GETNINJAS S.A.,GETNINJAS
NORD3,60884319000159,NORDON INDUSTRIAS METALURGICAS S.A.,NORDON MET
NRTQ3,29950060000157,NORTEC QUÍMICA S.A.,NORTCQUIMICA
NTCO3,32785497000197,NATURA &CO HOLDING S.A.,GRUPO NATURA
NUTR3,51128999000190,NUTRIPLANT INDUSTRIA E COMERCIO S.A.,NUTRIPLANT
ODER3,97191902000194,CONSERVAS ODERICH S.A.,ODERICH
ODER4,97191902000194,CONSERVAS ODERICH S.A.,ODERICH
ODPV3,58119199000151,ODONTOPREV S.A.,ODONTOPREV
OFSA3,20258278000170,OURO FINO SAUDE ANIMAL PARTICIPACOES S.A.,OUROFINO S/A
OIBR3,76535764000143,OI S.A.,OI
OIBR4,76535764000143,OI S.A.,OI
OMGE3,09149503000106,OMEGA GERAÇÃO S.A.,OMEGA GER
ONCO3,12104241000402,ONCOCLINICAS DO BRASIL SERVICOS MEDICOS  S.A.,ONCOCLINICAS
OPCT3,09114805000130,OCEANPACT SERVICOS MARITIMOS S.A.,OCEANPACT
OPGM3B,02796775000140,GAMA PARTICIPACOES S.A.,GAMA PART
OPHE3B,02318346000168,OPPORTUNITY ENERGIA E PARTICIPACOES S.A.,OPPORT ENERG
OPSE3B,02062747000108,SUDESTE S.A.,SUDESTE S/A
OPTS3B,01957772000189,SUL 116 PARTICIPACOES S.A.,SUL 116 PART
ORVR3,11421994000136,ORIZON VALORIZACAO DE RESIDUOS S.A.,ORIZON
OSXB3,09112685000132,OSX BRASIL S.A.,OSX BRASIL
PARD3,19378769000176,INSTITUTO HERMES PARDINI S.A.,IHPARDINI
PASS3,21389501000181,COMPASS GAS E ENERGIA S.A.,COMPASS
PASS5,21389501000181,COMPASS GAS E ENERGIA S.A.,COMPASS
PATI3,92693019000189,PANATLANTICA S.A.,PANATLANTICA
PATI4,92693019000189,PANATLANTICA S.A.,PANATLANTICA
PCAR3,47508411000156,CIA BRASILEIRA DE DISTRIBUICAO,P.ACUCAR-CBD
PDGR3,02950811000189,PDG REALTY S.A. EMPREEND E PARTICIPACOES,PDG REALT
PDGS-CRI15B0,09538973000153,PDG COMPANHIA SECURITIZADORA,PDG SECURIT
PDTC3,02365069000144,PADTEC HOLDING S.A.,PADTEC
PEAB3,01938783000111,CIA PARTICIPACOES ALIANCA DA BAHIA,PAR AL BAHIA
PEAB4,01938783000111,CIA PARTICIPACOES ALIANCA DA BAHIA,PAR AL BAHIA
PETR3,33000167000101,PETROLEO BRASILEIRO S.A. PETROBRAS,PETROBRAS
PETR4,33000167000101,PETROLEO BRASILEIRO S.A. PETROBRAS,PETROBRAS
PETZ3,18328118000109,PET CENTER COMERCIO  E PARTICIPACOES S.A.,PETZ
PFRM3,45453214000151,PROFARMA DISTRIB PROD FARMACEUTICOS S.A.,PROFARMA
PGMN3,06626253000151,EMPREENDIMENTOS PAGUE MENOS S.A.,PAGUE MENOS
PINE3,62144175000120,BCO PINE S.A.,PINE
PINE4,62144175000120,BCO PINE S.A.,PINE
PLAS11,51928174000150,PLASCAR PARTICIPACOES INDUSTRIAIS S.A.,PLASCAR PART
PLAS3,51928174000150,PLASCAR PARTICIPACOES INDUSTRIAIS S.A.,PLASCAR PART
PLPL3,24230275000180,PLANO & PLANO DESENVOLVIMENTO IMOBILIÁRIO S.A.,PLANOEPLANO
PLSC-CRI1CB0,12261588000116,POLO CAPITAL SECURITIZADORA S.A,POLO CAP SEC
PMAM3,60398369000479,PARANAPANEMA S.A.,PARANAPANEMA
PNVL3,92665611000177,DIMED S.A. DISTRIBUIDORA DE MEDICAMENTOS,DIMED
PNVL4,92665611000177,DIMED S.A. DISTRIBUIDORA DE MEDICAMENTOS,DIMED
POMO3,88611835000129,MARCOPOLO S.A.,MARCOPOLO
POMO4,88611835000129,MARCOPOLO S.A.,MARCOPOLO
POSI3,81243735000148,POSITIVO TECNOLOGIA S.A.,POSITIVO TEC
POWE3,26735020000102,FOCUS ENERGIA HOLDING PARTICIPAÇÕES S.A,FOCUS ON
PPAR3,59789545000171,POLPAR S.A.,POLPAR
PPLA11,15073274000188,PPLA PARTICIPATIONS LTD.,PPLA
PRIO3,10629105000168,PETRO RIO S.A.,PETRORIO
PRMN3B,02291077000193,PRODUTORES ENERGET.DE MANSO S.A.- PROMAN,PROMAN
PRNR3,18593815000197,PRINER SERVIÇOS INDUSTRIAIS S.A.,PRINER
PRPT3B,02992449000109,PROMPT PARTICIPACOES S.A.,PROMPT PART
PSSA3,02149205000169,PORTO SEGURO S.A.,PORTO SEGURO
PSVM11,18494485000182,PORTO SUDESTE V.M. S.A.,PORTO VM
PTBL3,83475913000191,PBG S/A,PORTOBELLO
PTCA11,08574411000100,PRATICA KLIMAQUIP INDUSTRIA E COMERCIO SA,PRATICA
PTCA3,08574411000100,PRATICA KLIMAQUIP INDUSTRIA E COMERCIO SA,PRATICA
PTNT3,88613658000110,PETTENATI S.A. INDUSTRIA TEXTIL,PETTENATI
PTNT4,88613658000110,PETTENATI S.A. INDUSTRIA TEXTIL,PETTENATI
QUAL3,11992680000193,QUALICORP CONSULTORIA E CORRETORA DE SEGUROS S.A.,QUALICORP
QUSW3,35791391000194,QUALITY SOFTWARE S.A.,QUALITY SOFT
QVQP3B,01851771000155,524 PARTICIPACOES S.A.,524 PARTICIP
RADL3,61585865000151,RAIA DROGASIL S.A.,RAIADROGASIL
RAIL3,02387241000160,RUMO S.A.,RUMO S.A.
RAIZ4,33453598000123,RAIZEN S.A.,RAIZEN
RANI3,92791243000103,IRANI PAPEL E EMBALAGEM S.A.,IRANI
RANI4,92791243000103,IRANI PAPEL E EMBALAGEM S.A.,IRANI
RAPT3,89086144000116,RANDON S.A. IMPLEMENTOS E PARTICIPACOES,RANDON PART
RAPT4,89086144000116,RANDON S.A. IMPLEMENTOS E PARTICIPACOES,RANDON PART
RBNS11,59981829000165,RODOBENS S.A,RODOBENS
RBRA-CRA13B0,02773542000122,RB CAPITAL COMPANHIA DE SECURITIZAÇÃO,RBCAPITALRES
RBRA-CRA16B0,02773542000122,RB CAPITAL COMPANHIA DE SECURITIZAÇÃO,RBCAPITALRES
RBRA-CRA19B0,02773542000122,RB CAPITAL COMPANHIA DE SECURITIZAÇÃO,RBCAPITALRES
RBRA-CRA1BB0,02773542000122,RB CAPITAL COMPANHIA DE SECURITIZAÇÃO,RBCAPITALRES
RBRA-CRA1CB0,02773542000122,RB CAPITAL COMPANHIA DE SECURITIZAÇÃO,RBCAPITALRES
RBRA-CRI1XB0,02773542000122,RB CAPITAL COMPANHIA DE SECURITIZAÇÃO,RBCAPITALRES
RBRA-CRI77B0,02773542000122,RB CAPITAL COMPANHIA DE SECURITIZAÇÃO,RBCAPITALRES
RCSL3,91333666000117,RECRUSUL S.A.,RECRUSUL
RCSL4,91333666000117,RECRUSUL S.A.,RECRUSUL
RDNI3,67010660000124,RNI NEGÓCIOS IMOBILIÁRIOS S.A.,RNI
RDOR3,06047087000139,Rede DOr São Luiz S.A.,REDE D OR
RECV3,03342704000130,PETRORECÔNCAVO S.A.,PETRORECSA
REDE3,61584140000149,REDE ENERGIA PARTICIPAÇÕES S.A.,REDE ENERGIA
RENT3,16670085000155,LOCALIZA RENT A CAR S.A.,LOCALIZA
RLOG3,17346997000139,COSAN LOGISTICA S.A.,COSAN LOG
RNEW11,08534605000174,RENOVA ENERGIA S.A.,RENOVA
RNEW3,08534605000174,RENOVA ENERGIA S.A.,RENOVA
RNEW4,08534605000174,RENOVA ENERGIA S.A.,RENOVA
ROMI3,56720428000163,INDUSTRIAS ROMI S.A.,INDS ROMI
RPAD3,17167396000169,ALFA HOLDINGS S.A.,ALFA HOLDING
RPAD5,17167396000169,ALFA HOLDINGS S.A.,ALFA HOLDING
RPAD6,17167396000169,ALFA HOLDINGS S.A.,ALFA HOLDING
RPMG3,33412081000196,REFINARIA DE PETROLEOS MANGUINHOS S.A.,PET MANGUINH
RRRP3,12091809000155,3R PETROLEUM ÓLEO E GÁS S.A,3R PETROLEUM
RSID3,61065751000180,ROSSI RESIDENCIAL S.A.,ROSSI RESID
RSUL3,85778074000106,METALURGICA RIOSULENSE S.A.,RIOSULENSE
RSUL4,85778074000106,METALURGICA RIOSULENSE S.A.,RIOSULENSE
SANB11,90400888000142,BCO SANTANDER (BRASIL) S.A.,SANTANDER BR
SANB3,90400888000142,BCO SANTANDER (BRASIL) S.A.,SANTANDER BR
SANB4,90400888000142,BCO SANTANDER (BRASIL) S.A.,SANTANDER BR
SAPR11,76484013000145,CIA SANEAMENTO DO PARANA - SANEPAR,SANEPAR
SAPR3,76484013000145,CIA SANEAMENTO DO PARANA - SANEPAR,SANEPAR
SAPR4,76484013000145,CIA SANEAMENTO DO PARANA - SANEPAR,SANEPAR
SBSP3,43776517000180,CIA SANEAMENTO BASICO EST SAO PAULO,SABESP
SCAR3,29780061000109,SAO CARLOS EMPREEND E PARTICIPACOES S.A.,SAO CARLOS
SEER3,04986320000113,SER EDUCACIONAL S.A.,SER EDUCA
SEQL3,01599101000193,SEQUOIA LOGISTICA E TRANSPORTES S.A,SEQUOIA LOG
SGPS3,07718269000157,SPRINGS GLOBAL PARTICIPACOES S.A.,SPRINGS
SHOW3,02860694000162,T4F ENTRETENIMENTO S.A.,TIME FOR FUN
SHUL3,84693183000168,SCHULZ S.A.,SCHULZ
SHUL4,84693183000168,SCHULZ S.A.,SCHULZ
SIMH3,07415333000120,SIMPAR S.A.,SIMPAR
SLCE3,89096457000155,SLC AGRICOLA S.A.,SLC AGRICOLA
SLCT3B,02604860000160,INNCORP S.A.,SELECTPART
SLED11,60500139000126,SARAIVA LIVREIROS S.A. - EM RECUPERAÇÃO JUDICIAL,SARAIVA LIVR
SLED12,60500139000126,SARAIVA LIVREIROS S.A. - EM RECUPERAÇÃO JUDICIAL,SARAIVA LIVR
SLED3,60500139000126,SARAIVA LIVREIROS S.A. - EM RECUPERAÇÃO JUDICIAL,SARAIVA LIVR
SLED4,60500139000126,SARAIVA LIVREIROS S.A. - EM RECUPERAÇÃO JUDICIAL,SARAIVA LIVR
SMFT3,07594978000178,SMARTFIT ESCOLA DE GINÁSTICA E DANÇA S.A.,SMART FIT
SMLS3,05730375000120,SMILES FIDELIDADE S.A.,SMILES
SMTO3,51466860000156,SAO MARTINHO S.A.,SAO MARTINHO
SNSY3,14807945000124,SANSUY S.A. INDUSTRIA DE PLASTICOS,SANSUY
SNSY5,14807945000124,SANSUY S.A. INDUSTRIA DE PLASTICOS,SANSUY
SNSY6,14807945000124,SANSUY S.A. INDUSTRIA DE PLASTICOS,SANSUY
SOJA3,10807374000177,BOA SAFRA SEMENTES S.A.,BOA SAFRA
SOMA3,10285590000108,GRUPO DE MODA SOMA S.A.,GRUPO SOMA
SOND3,33386210000119,SONDOTECNICA ENGENHARIA SOLOS S.A.,SONDOTECNICA
SOND5,33386210000119,SONDOTECNICA ENGENHARIA SOLOS S.A.,SONDOTECNICA
SOND6,33386210000119,SONDOTECNICA ENGENHARIA SOLOS S.A.,SONDOTECNICA
SPRI3,92929520000100,SPRINGER S.A.,SPRINGER
SPRI5,92929520000100,SPRINGER S.A.,SPRINGER
SPRI6,92929520000100,SPRINGER S.A.,SPRINGER
SQIA3,04065791000199,SINQIA S.A.,SINQIA
STBP3,02762121000104,SANTOS BRASIL PARTICIPACOES S.A.,SANTOS BRP
STKF3,00622416000141,STATKRAFT ENERGIAS RENOVAVEIS S.A.,STATKRAFT
STTR3,91495499000100,STARA S.A. - INDÚSTRIA DE IMPLEMENTOS AGRÍCOLAS,STARA
SULA11,29978814000187,SUL AMERICA S.A.,SUL AMERICA
SULA3,29978814000187,SUL AMERICA S.A.,SUL AMERICA
SULA4,29978814000187,SUL AMERICA S.A.,SUL AMERICA
SUZB3,16404287000155,SUZANO S.A.,SUZANO S.A.
TAEE11,07859971000130,TRANSMISSORA ALIANÇA DE ENERGIA ELÉTRICA S.A.,TAESA
TAEE3,07859971000130,TRANSMISSORA ALIANÇA DE ENERGIA ELÉTRICA S.A.,TAESA
TAEE4,07859971000130,TRANSMISSORA ALIANÇA DE ENERGIA ELÉTRICA S.A.,TAESA
TASA13,92781335000102,TAURUS ARMAS S.A.,TAURUS ARMAS
TASA15,92781335000102,TAURUS ARMAS S.A.,TAURUS ARMAS
TASA17,92781335000102,TAURUS ARMAS S.A.,TAURUS ARMAS
TASA3,92781335000102,TAURUS ARMAS S.A.,TAURUS ARMAS
TASA4,92781335000102,TAURUS ARMAS S.A.,TAURUS ARMAS
TCNO3,33111246000190,TECNOSOLO ENGENHARIA S.A.,TECNOSOLO
TCNO4,33111246000190,TECNOSOLO ENGENHARIA S.A.,TECNOSOLO
TCSA3,08065557000112,TECNISA S.A.,TECNISA
TECN3,09295063000197,TECHNOS S.A.,TECHNOS
TEGA3,30213493000109,TEGRA INCORPORADORA S.A.,TEGRA INCORP
TEKA3,82636986000155,TEKA-TECELAGEM KUEHNRICH S.A.,TEKA
TEKA4,82636986000155,TEKA-TECELAGEM KUEHNRICH S.A.,TEKA
TELB3,00336701000104,TELEC BRASILEIRAS S.A. TELEBRAS,TELEBRAS
TELB4,00336701000104,TELEC BRASILEIRAS S.A. TELEBRAS,TELEBRAS
TEND3,71476527000135,CONSTRUTORA TENDA S.A.,TENDA
TESA12,05799312000120,TERRA SANTA AGRO S.A.,TERRA SANTA
TESA3,05799312000120,TERRA SANTA AGRO S.A.,TERRA SANTA
TFCO4,59418806000147,TRACK & FIELD CO S.A.,TRACK FIELD
TGMA3,02351144000118,TEGMA GESTAO LOGISTICA S.A.,TEGMA
TIET11,04128563000110,AES TIETE ENERGIA SA,AES TIETE E
TIET3,04128563000110,AES TIETE ENERGIA SA,AES TIETE E
TIET4,04128563000110,AES TIETE ENERGIA SA,AES TIETE E
TIMP3,02558115000121,TIM PARTICIPACOES S.A.,TIM PART S/A
TKNO3,33467572000134,TEKNO S.A. - INDUSTRIA E COMERCIO,TEKNO
TKNO4,33467572000134,TEKNO S.A. - INDUSTRIA E COMERCIO,TEKNO
TOTS3,53113791000122,TOTVS S.A.,TOTVS
TPIS3,03014553000191,TPI - TRIUNFO PARTICIP. E INVEST. S.A.,TRIUNFO PART
TRAD3,26345998000150,TC TRADERS CLUB S.A.,TC
TRIS3,08811643000127,TRISUL S.A.,TRISUL
TRPL3,02998611000104,CTEEP - CIA TRANSMISSÃO ENERGIA ELÉTRICA PAULISTA,TRAN PAULIST
TRPL4,02998611000104,CTEEP - CIA TRANSMISSÃO ENERGIA ELÉTRICA PAULISTA,TRAN PAULIST
TTEN3,94813102000170,TRÊS TENTOS AGROINDUSTRIAL S/A,3TENTOS
TUPY3,84683374000149,TUPY S.A.,TUPY
TXRX3,82982075000180,TEXTIL RENAUXVIEW S.A.,TEX RENAUX
UCAS3,90441460000148,UNICASA INDÚSTRIA DE MÓVEIS S.A.,UNICASA
UGPA3,33256439000139,ULTRAPAR PARTICIPACOES S.A.,ULTRAPAR
UNIP3,33958695000178,UNIPAR CARBOCLORO S.A.,UNIPAR
UNIP5,33958695000178,UNIPAR CARBOCLORO S.A.,UNIPAR
UNIP6,33958695000178,UNIPAR CARBOCLORO S.A.,UNIPAR
UPKP3B,02162616000194,UPTICK PARTICIPACOES S.A.,UPTICK
USIM3,60894730000105,USINAS SID DE MINAS GERAIS S.A.-USIMINAS,USIMINAS
USIM5,60894730000105,USINAS SID DE MINAS GERAIS S.A.-USIMINAS,USIMINAS
USIM6,60894730000105,USINAS SID DE MINAS GERAIS S.A.-USIMINAS,USIMINAS
VALE3,33592510000154,VALE S.A.,VALE
VAMO3,23373000000132,VAMOS LOCAÇÃO DE CAMINHÕES. MÁQUINAS E EQUIP. S.A.,VAMOS
VERT-CRA11B0,25005683000109,VERT COMPANHIA SECURITIZADORA,VERTCIASEC
VERT-CRA51B0,25005683000109,VERT COMPANHIA SECURITIZADORA,VERTCIASEC
VERT-CRA52B0,25005683000109,VERT COMPANHIA SECURITIZADORA,VERTCIASEC
VERT-CRAA2B0,25005683000109,VERT COMPANHIA SECURITIZADORA,VERTCIASEC
VERT-CRAE1B0,25005683000109,VERT COMPANHIA SECURITIZADORA,VERTCIASEC
VERT-CRAE2B0,25005683000109,VERT COMPANHIA SECURITIZADORA,VERTCIASEC
VITT3,45365558000109,VITTIA FERTILIZANTES E BIOLOGICOS S.A.,VITTIA
VIVA3,33839910000111,VIVARA PARTICIPAÇOES S.A,VIVARA S.A.
VIVR1,67571414000141,VIVER INCORPORADORA E CONSTRUTORA S.A.,VIVER
VIVR3,67571414000141,VIVER INCORPORADORA E CONSTRUTORA S.A.,VIVER
VIVT3,02558157000162,TELEFÔNICA BRASIL S.A,TELEF BRASIL
VIVT4,02558157000162,TELEFÔNICA BRASIL S.A,TELEF BRASIL
VLID3,33113309000147,VALID SOLUÇÕES S.A.,VALID
VSPT3,00924429000175,FERROVIA CENTRO-ATLANTICA S.A.,FER C ATLANT
VSPT4,00924429000175,FERROVIA CENTRO-ATLANTICA S.A.,FER C ATLANT
VULC3,50926955000142,VULCABRAS/AZALEIA S.A.,VULCABRAS
BHIA3,33041260065290,VIA VAREJO S.A.,VIAVAREJO
VVEO3,12420164000157,CM HOSPITALAR S.A.,VIVEO
WEGE3,84429695000111,WEG S.A.,WEG
WEST3,14776142000150,WESTWING COMERCIO VAREJISTA S.A.,WESTWING
WHRL3,59105999000186,WHIRLPOOL S.A.,WHIRLPOOL
WHRL4,59105999000186,WHIRLPOOL S.A.,WHIRLPOOL
WIZC3,42278473000103,WIZ SOLUÇÕES E CORRETAGEM DE SEGUROS S.A.,WIZ S.A.
WIZC3,42278473000103,WIZ CO,WIZ CO
WLMM3,33228024000151,WLM PART. E COMÉRCIO DE MÁQUINAS E VEÍCULOS S.A.,WLM IND COM
WLMM4,33228024000151,WLM PART. E COMÉRCIO DE MÁQUINAS E VEÍCULOS S.A.,WLM IND COM
WSON33,05721735000128,WILSON SONS LTD.,WILSON SONS
WTVR-CRI11B0,06137677000152,BRPR 56 SECURITIZADORA CRED IMOB S.A.,BRPR 56 SEC
XPBR31,35306280000145,XP INC.,XP INC
YDUQ3,08807432000110,YDUQS PARTICIPACOES S.A.,YDUQS PART
HASH11,1111,HASHDEX NCI,HASHDEX NCI
ETHE11,1111,ETHER HASH,ETHER HASH
